До,После
Не пользуется,Пользуется
Пользуется,Не пользуется
Не пользуется,Пользуется
Не пользуется,Пользуется
Не пользуется,Не пользуется
Пользуется,Не пользуется
Не пользуется,Пользуется
Не пользуется,Не пользуется
Не пользуется,Пользуется
Не пользуется,Не пользуется
Не пользуется,Пользуется
Не пользуется,Пользуется
Пользуется,Пользуется
Не пользуется,Пользуется
Не пользуется,Не пользуется
Не пользуется,Не пользуется
Не пользуется,Не пользуется
Не пользуется,Не пользуется
Пользуется,Пользуется
Не пользуется,Не пользуется
Не пользуется,Пользуется
Не пользуется,Не пользуется
Пользуется,Пользуется
Не пользуется,Не пользуется
Не пользуется,Пользуется
Не пользуется,Пользуется
Пользуется,Пользуется
Не пользуется,Не пользуется
Не пользуется,Пользуется
Не пользуется,Не пользуется